,0,1,2,3,4,5,6,7,8,9,10,11,12,13,14,15,16,17
0,0,2021-07-01 00:00:00,-191.0,22,2021-07-01 00:22:00,-191.0,22,2021-07-01 00:22:00,-191.0,89,2021-07-01 01:29:00,-19.0,89,2021-07-01 01:29:00,-19.0,127,2021-07-01 02:07:00,-191.0
1,127,2021-07-01 02:07:00,-191.0,157,2021-07-01 02:37:00,-191.0,157,2021-07-01 02:37:00,-191.0,223,2021-07-01 03:43:00,-22.0,223,2021-07-01 03:43:00,-22.0,259,2021-07-01 04:19:00,-189.0
2,259,2021-07-01 04:19:00,-189.0,287,2021-07-01 04:47:00,-190.0,287,2021-07-01 04:47:00,-190.0,354,2021-07-01 05:54:00,-20.0,354,2021-07-01 05:54:00,-20.0,391,2021-07-01 06:31:00,-190.0
3,391,2021-07-01 06:31:00,-190.0,437,2021-07-01 07:17:00,-190.0,437,2021-07-01 07:17:00,-190.0,507,2021-07-01 08:27:00,-11.0,507,2021-07-01 08:27:00,-11.0,602,2021-07-01 10:02:00,-190.0
4,602,2021-07-01 10:02:00,-190.0,667,2021-07-01 11:07:00,-190.0,667,2021-07-01 11:07:00,-190.0,734,2021-07-01 12:14:00,-18.0,734,2021-07-01 12:14:00,-18.0,771,2021-07-01 12:51:00,-190.0
5,771,2021-07-01 12:51:00,-190.0,807,2021-07-01 13:27:00,-190.0,807,2021-07-01 13:27:00,-190.0,874,2021-07-01 14:34:00,-19.0,874,2021-07-01 14:34:00,-19.0,911,2021-07-01 15:11:00,-190.0
6,911,2021-07-01 15:11:00,-190.0,942,2021-07-01 15:42:00,-190.0,942,2021-07-01 15:42:00,-190.0,1007,2021-07-01 16:47:00,-24.0,1007,2021-07-01 16:47:00,-24.0,1044,2021-07-01 17:24:00,-190.0
7,1044,2021-07-01 17:24:00,-190.0,1087,2021-07-01 18:07:00,-190.0,1087,2021-07-01 18:07:00,-190.0,1153,2021-07-01 19:13:00,-22.0,1153,2021-07-01 19:13:00,-22.0,1190,2021-07-01 19:50:00,-190.0
8,1190,2021-07-01 19:50:00,-190.0,1237,2021-07-01 20:37:00,-190.0,1237,2021-07-01 20:37:00,-190.0,1307,2021-07-01 21:47:00,-10.0,1307,2021-07-01 21:47:00,-10.0,1402,2021-07-01 23:22:00,-190.0
9,1402,2021-07-01 23:22:00,-190.0,1462,2021-07-02 00:22:00,-190.0,1462,2021-07-02 00:22:00,-190.0,1529,2021-07-02 01:29:00,-19.0,1529,2021-07-02 01:29:00,-19.0,1566,2021-07-02 02:06:00,-190.0
10,1566,2021-07-02 02:06:00,-190.0,1597,2021-07-02 02:37:00,-190.0,1597,2021-07-02 02:37:00,-190.0,1664,2021-07-02 03:44:00,-18.0,1664,2021-07-02 03:44:00,-18.0,1701,2021-07-02 04:21:00,-190.0
11,1701,2021-07-02 04:21:00,-190.0,1727,2021-07-02 04:47:00,-190.0,1727,2021-07-02 04:47:00,-190.0,1794,2021-07-02 05:54:00,-19.0,1794,2021-07-02 05:54:00,-19.0,1831,2021-07-02 06:31:00,-191.0
12,1831,2021-07-02 06:31:00,-191.0,1877,2021-07-02 07:17:00,-191.0,1877,2021-07-02 07:17:00,-191.0,1947,2021-07-02 08:27:00,-12.0,1947,2021-07-02 08:27:00,-12.0,2043,2021-07-02 10:03:00,-190.0
13,2043,2021-07-02 10:03:00,-190.0,2107,2021-07-02 11:07:00,-189.0,2107,2021-07-02 11:07:00,-189.0,2174,2021-07-02 12:14:00,-18.0,2174,2021-07-02 12:14:00,-18.0,2211,2021-07-02 12:51:00,-190.0
14,2211,2021-07-02 12:51:00,-190.0,2247,2021-07-02 13:27:00,-190.0,2247,2021-07-02 13:27:00,-190.0,2314,2021-07-02 14:34:00,-18.0,2314,2021-07-02 14:34:00,-18.0,2351,2021-07-02 15:11:00,-190.0
15,2351,2021-07-02 15:11:00,-190.0,2382,2021-07-02 15:42:00,-190.0,2382,2021-07-02 15:42:00,-190.0,2449,2021-07-02 16:49:00,-18.0,2449,2021-07-02 16:49:00,-18.0,2486,2021-07-02 17:26:00,-190.0
16,2486,2021-07-02 17:26:00,-190.0,2527,2021-07-02 18:07:00,-190.0,2527,2021-07-02 18:07:00,-190.0,2594,2021-07-02 19:14:00,-19.0,2594,2021-07-02 19:14:00,-19.0,2631,2021-07-02 19:51:00,-190.0
17,2631,2021-07-02 19:51:00,-190.0,2677,2021-07-02 20:37:00,-190.0,2677,2021-07-02 20:37:00,-190.0,2746,2021-07-02 21:46:00,-13.0,2746,2021-07-02 21:46:00,-13.0,2840,2021-07-02 23:20:00,-190.0
18,2840,2021-07-02 23:20:00,-190.0,2902,2021-07-03 00:22:00,-190.0,2902,2021-07-03 00:22:00,-190.0,2969,2021-07-03 01:29:00,-18.0,2969,2021-07-03 01:29:00,-18.0,3006,2021-07-03 02:06:00,-191.0
19,3006,2021-07-03 02:06:00,-191.0,3037,2021-07-03 02:37:00,-191.0,3037,2021-07-03 02:37:00,-191.0,3104,2021-07-03 03:44:00,-19.0,3104,2021-07-03 03:44:00,-19.0,3142,2021-07-03 04:22:00,-191.0
20,3142,2021-07-03 04:22:00,-191.0,3166,2021-07-03 04:46:00,-191.0,3166,2021-07-03 04:46:00,-191.0,3234,2021-07-03 05:54:00,-19.0,3234,2021-07-03 05:54:00,-19.0,3272,2021-07-03 06:32:00,-190.0
21,3272,2021-07-03 06:32:00,-190.0,3317,2021-07-03 07:17:00,-191.0,3317,2021-07-03 07:17:00,-191.0,3387,2021-07-03 08:27:00,-12.0,3387,2021-07-03 08:27:00,-12.0,3483,2021-07-03 10:03:00,-191.0
22,3483,2021-07-03 10:03:00,-191.0,3547,2021-07-03 11:07:00,-190.0,3547,2021-07-03 11:07:00,-190.0,3614,2021-07-03 12:14:00,-18.0,3614,2021-07-03 12:14:00,-18.0,3651,2021-07-03 12:51:00,-190.0
23,3651,2021-07-03 12:51:00,-190.0,3687,2021-07-03 13:27:00,-190.0,3687,2021-07-03 13:27:00,-190.0,3754,2021-07-03 14:34:00,-18.0,3754,2021-07-03 14:34:00,-18.0,3790,2021-07-03 15:10:00,-189.0
24,3790,2021-07-03 15:10:00,-189.0,3822,2021-07-03 15:42:00,-190.0,3822,2021-07-03 15:42:00,-190.0,3886,2021-07-03 16:46:00,-26.0,3886,2021-07-03 16:46:00,-26.0,3922,2021-07-03 17:22:00,-190.0
25,3922,2021-07-03 17:22:00,-190.0,3967,2021-07-03 18:07:00,-190.0,3967,2021-07-03 18:07:00,-190.0,4034,2021-07-03 19:14:00,-19.0,4034,2021-07-03 19:14:00,-19.0,4072,2021-07-03 19:52:00,-191.0
26,4072,2021-07-03 19:52:00,-191.0,4117,2021-07-03 20:37:00,-191.0,4117,2021-07-03 20:37:00,-191.0,4187,2021-07-03 21:47:00,-13.0,4187,2021-07-03 21:47:00,-13.0,4283,2021-07-03 23:23:00,-192.0
27,4283,2021-07-03 23:23:00,-192.0,4342,2021-07-04 00:22:00,-191.0,4342,2021-07-04 00:22:00,-191.0,4409,2021-07-04 01:29:00,-19.0,4409,2021-07-04 01:29:00,-19.0,4446,2021-07-04 02:06:00,-191.0
28,4446,2021-07-04 02:06:00,-191.0,4477,2021-07-04 02:37:00,-190.0,4477,2021-07-04 02:37:00,-190.0,4544,2021-07-04 03:44:00,-19.0,4544,2021-07-04 03:44:00,-19.0,4581,2021-07-04 04:21:00,-191.0
29,4581,2021-07-04 04:21:00,-191.0,4607,2021-07-04 04:47:00,-190.0,4607,2021-07-04 04:47:00,-190.0,4673,2021-07-04 05:53:00,-21.0,4673,2021-07-04 05:53:00,-21.0,4710,2021-07-04 06:30:00,-190.0
30,4710,2021-07-04 06:30:00,-190.0,4757,2021-07-04 07:17:00,-191.0,4757,2021-07-04 07:17:00,-191.0,4827,2021-07-04 08:27:00,-13.0,4827,2021-07-04 08:27:00,-13.0,4923,2021-07-04 10:03:00,-192.0
31,4923,2021-07-04 10:03:00,-192.0,4987,2021-07-04 11:07:00,-191.0,4987,2021-07-04 11:07:00,-191.0,5054,2021-07-04 12:14:00,-18.0,5054,2021-07-04 12:14:00,-18.0,5091,2021-07-04 12:51:00,-190.0
32,5091,2021-07-04 12:51:00,-190.0,5127,2021-07-04 13:27:00,-190.0,5127,2021-07-04 13:27:00,-190.0,5194,2021-07-04 14:34:00,-18.0,5194,2021-07-04 14:34:00,-18.0,5231,2021-07-04 15:11:00,-190.0
33,5231,2021-07-04 15:11:00,-190.0,5262,2021-07-04 15:42:00,-190.0,5262,2021-07-04 15:42:00,-190.0,5329,2021-07-04 16:49:00,-18.0,5329,2021-07-04 16:49:00,-18.0,5366,2021-07-04 17:26:00,-190.0
34,5366,2021-07-04 17:26:00,-190.0,5407,2021-07-04 18:07:00,-190.0,5407,2021-07-04 18:07:00,-190.0,5474,2021-07-04 19:14:00,-19.0,5474,2021-07-04 19:14:00,-19.0,5511,2021-07-04 19:51:00,-191.0
35,5511,2021-07-04 19:51:00,-191.0,5557,2021-07-04 20:37:00,-191.0,5557,2021-07-04 20:37:00,-191.0,5626,2021-07-04 21:46:00,-14.0,5626,2021-07-04 21:46:00,-14.0,5721,2021-07-04 23:21:00,-191.0
36,5721,2021-07-04 23:21:00,-191.0,5782,2021-07-05 00:22:00,-191.0,5782,2021-07-05 00:22:00,-191.0,5848,2021-07-05 01:28:00,-21.0,5848,2021-07-05 01:28:00,-21.0,5885,2021-07-05 02:05:00,-190.0
37,5885,2021-07-05 02:05:00,-190.0,5917,2021-07-05 02:37:00,-190.0,5917,2021-07-05 02:37:00,-190.0,5984,2021-07-05 03:44:00,-19.0,5984,2021-07-05 03:44:00,-19.0,6021,2021-07-05 04:21:00,-191.0
38,6021,2021-07-05 04:21:00,-191.0,6047,2021-07-05 04:47:00,-191.0,6047,2021-07-05 04:47:00,-191.0,6114,2021-07-05 05:54:00,-19.0,6114,2021-07-05 05:54:00,-19.0,6151,2021-07-05 06:31:00,-191.0
39,6151,2021-07-05 06:31:00,-191.0,6197,2021-07-05 07:17:00,-191.0,6197,2021-07-05 07:17:00,-191.0,6267,2021-07-05 08:27:00,-12.0,6267,2021-07-05 08:27:00,-12.0,6362,2021-07-05 10:02:00,-193.0
40,6362,2021-07-05 10:02:00,-193.0,6427,2021-07-05 11:07:00,-193.0,6427,2021-07-05 11:07:00,-193.0,6494,2021-07-05 12:14:00,-19.0,6494,2021-07-05 12:14:00,-19.0,6531,2021-07-05 12:51:00,-189.0
41,6531,2021-07-05 12:51:00,-189.0,6567,2021-07-05 13:27:00,-190.0,6567,2021-07-05 13:27:00,-190.0,6634,2021-07-05 14:34:00,-18.0,6634,2021-07-05 14:34:00,-18.0,6671,2021-07-05 15:11:00,-190.0
42,6671,2021-07-05 15:11:00,-190.0,6702,2021-07-05 15:42:00,-190.0,6702,2021-07-05 15:42:00,-190.0,6769,2021-07-05 16:49:00,-18.0,6769,2021-07-05 16:49:00,-18.0,6806,2021-07-05 17:26:00,-190.0
43,6806,2021-07-05 17:26:00,-190.0,6847,2021-07-05 18:07:00,-190.0,6847,2021-07-05 18:07:00,-190.0,6914,2021-07-05 19:14:00,-19.0,6914,2021-07-05 19:14:00,-19.0,6951,2021-07-05 19:51:00,-190.0
44,6951,2021-07-05 19:51:00,-190.0,6997,2021-07-05 20:37:00,-190.0,6997,2021-07-05 20:37:00,-190.0,7067,2021-07-05 21:47:00,-11.0,7067,2021-07-05 21:47:00,-11.0,7162,2021-07-05 23:22:00,-191.0
45,7162,2021-07-05 23:22:00,-191.0,7222,2021-07-06 00:22:00,-191.0,7222,2021-07-06 00:22:00,-191.0,7289,2021-07-06 01:29:00,-19.0,7289,2021-07-06 01:29:00,-19.0,7326,2021-07-06 02:06:00,-190.0
46,7326,2021-07-06 02:06:00,-190.0,7357,2021-07-06 02:37:00,-190.0,7357,2021-07-06 02:37:00,-190.0,7424,2021-07-06 03:44:00,-19.0,7424,2021-07-06 03:44:00,-19.0,7461,2021-07-06 04:21:00,-191.0
47,7461,2021-07-06 04:21:00,-191.0,7487,2021-07-06 04:47:00,-191.0,7487,2021-07-06 04:47:00,-191.0,7554,2021-07-06 05:54:00,-19.0,7554,2021-07-06 05:54:00,-19.0,7591,2021-07-06 06:31:00,-191.0
48,7591,2021-07-06 06:31:00,-191.0,7637,2021-07-06 07:17:00,-191.0,7637,2021-07-06 07:17:00,-191.0,7707,2021-07-06 08:27:00,-11.0,7707,2021-07-06 08:27:00,-11.0,7802,2021-07-06 10:02:00,-192.0
49,7802,2021-07-06 10:02:00,-192.0,7867,2021-07-06 11:07:00,-192.0,7867,2021-07-06 11:07:00,-192.0,7934,2021-07-06 12:14:00,-19.0,7934,2021-07-06 12:14:00,-19.0,7972,2021-07-06 12:52:00,-190.0
50,7972,2021-07-06 12:52:00,-190.0,8007,2021-07-06 13:27:00,-190.0,8007,2021-07-06 13:27:00,-190.0,8073,2021-07-06 14:33:00,-20.0,8073,2021-07-06 14:33:00,-20.0,8111,2021-07-06 15:11:00,-190.0
51,8111,2021-07-06 15:11:00,-190.0,8142,2021-07-06 15:42:00,-190.0,8142,2021-07-06 15:42:00,-190.0,8209,2021-07-06 16:49:00,-18.0,8209,2021-07-06 16:49:00,-18.0,8246,2021-07-06 17:26:00,-190.0
52,8246,2021-07-06 17:26:00,-190.0,8287,2021-07-06 18:07:00,-190.0,8287,2021-07-06 18:07:00,-190.0,8353,2021-07-06 19:13:00,-21.0,8353,2021-07-06 19:13:00,-21.0,8390,2021-07-06 19:50:00,-189.0
53,8390,2021-07-06 19:50:00,-189.0,8437,2021-07-06 20:37:00,-190.0,8437,2021-07-06 20:37:00,-190.0,8507,2021-07-06 21:47:00,-11.0,8507,2021-07-06 21:47:00,-11.0,8602,2021-07-06 23:22:00,-190.0
54,8602,2021-07-06 23:22:00,-190.0,8662,2021-07-07 00:22:00,-191.0,8662,2021-07-07 00:22:00,-191.0,8729,2021-07-07 01:29:00,-18.0,8729,2021-07-07 01:29:00,-18.0,8766,2021-07-07 02:06:00,-190.0
55,8766,2021-07-07 02:06:00,-190.0,8797,2021-07-07 02:37:00,-190.0,8797,2021-07-07 02:37:00,-190.0,8864,2021-07-07 03:44:00,-19.0,8864,2021-07-07 03:44:00,-19.0,8901,2021-07-07 04:21:00,-191.0
56,8901,2021-07-07 04:21:00,-191.0,8927,2021-07-07 04:47:00,-191.0,8927,2021-07-07 04:47:00,-191.0,8994,2021-07-07 05:54:00,-19.0,8994,2021-07-07 05:54:00,-19.0,9031,2021-07-07 06:31:00,-190.0
57,9031,2021-07-07 06:31:00,-190.0,9076,2021-07-07 07:16:00,-191.0,9076,2021-07-07 07:16:00,-191.0,9147,2021-07-07 08:27:00,-11.0,9147,2021-07-07 08:27:00,-11.0,9242,2021-07-07 10:02:00,-191.0
58,9242,2021-07-07 10:02:00,-191.0,9307,2021-07-07 11:07:00,-191.0,9307,2021-07-07 11:07:00,-191.0,9374,2021-07-07 12:14:00,-19.0,9374,2021-07-07 12:14:00,-19.0,9411,2021-07-07 12:51:00,-191.0
59,9411,2021-07-07 12:51:00,-191.0,9446,2021-07-07 13:26:00,-191.0,9446,2021-07-07 13:26:00,-191.0,9513,2021-07-07 14:33:00,-20.0,9513,2021-07-07 14:33:00,-20.0,9550,2021-07-07 15:10:00,-188.0
60,9550,2021-07-07 15:10:00,-188.0,9582,2021-07-07 15:42:00,-190.0,9582,2021-07-07 15:42:00,-190.0,9649,2021-07-07 16:49:00,-18.0,9649,2021-07-07 16:49:00,-18.0,9686,2021-07-07 17:26:00,-190.0
61,9686,2021-07-07 17:26:00,-190.0,9727,2021-07-07 18:07:00,-190.0,9727,2021-07-07 18:07:00,-190.0,9793,2021-07-07 19:13:00,-21.0,9793,2021-07-07 19:13:00,-21.0,9830,2021-07-07 19:50:00,-189.0
62,9830,2021-07-07 19:50:00,-189.0,9877,2021-07-07 20:37:00,-190.0,9877,2021-07-07 20:37:00,-190.0,9946,2021-07-07 21:46:00,-13.0,9946,2021-07-07 21:46:00,-13.0,10041,2021-07-07 23:21:00,-190.0
63,10041,2021-07-07 23:21:00,-190.0,10102,2021-07-08 00:22:00,-190.0,10102,2021-07-08 00:22:00,-190.0,10168,2021-07-08 01:28:00,-21.0,10168,2021-07-08 01:28:00,-21.0,10205,2021-07-08 02:05:00,-190.0
64,10205,2021-07-08 02:05:00,-190.0,10237,2021-07-08 02:37:00,-190.0,10237,2021-07-08 02:37:00,-190.0,10303,2021-07-08 03:43:00,-22.0,10303,2021-07-08 03:43:00,-22.0,10340,2021-07-08 04:20:00,-191.0
65,10340,2021-07-08 04:20:00,-191.0,10367,2021-07-08 04:47:00,-191.0,10367,2021-07-08 04:47:00,-191.0,10433,2021-07-08 05:53:00,-22.0,10433,2021-07-08 05:53:00,-22.0,10470,2021-07-08 06:30:00,-191.0
66,10470,2021-07-08 06:30:00,-191.0,10517,2021-07-08 07:17:00,-191.0,10517,2021-07-08 07:17:00,-191.0,10586,2021-07-08 08:26:00,-13.0,10586,2021-07-08 08:26:00,-13.0,10681,2021-07-08 10:01:00,-190.0
67,10681,2021-07-08 10:01:00,-190.0,10747,2021-07-08 11:07:00,-191.0,10747,2021-07-08 11:07:00,-191.0,10813,2021-07-08 12:13:00,-22.0,10813,2021-07-08 12:13:00,-22.0,10850,2021-07-08 12:50:00,-190.0
68,10850,2021-07-08 12:50:00,-190.0,10887,2021-07-08 13:27:00,-190.0,10887,2021-07-08 13:27:00,-190.0,10952,2021-07-08 14:32:00,-23.0,10952,2021-07-08 14:32:00,-23.0,10989,2021-07-08 15:09:00,-189.0
69,10989,2021-07-08 15:09:00,-189.0,11022,2021-07-08 15:42:00,-189.0,11022,2021-07-08 15:42:00,-189.0,11087,2021-07-08 16:47:00,-23.0,11087,2021-07-08 16:47:00,-23.0,11124,2021-07-08 17:24:00,-190.0
70,11124,2021-07-08 17:24:00,-190.0,11167,2021-07-08 18:07:00,-190.0,11167,2021-07-08 18:07:00,-190.0,11233,2021-07-08 19:13:00,-21.0,11233,2021-07-08 19:13:00,-21.0,11270,2021-07-08 19:50:00,-191.0
71,11270,2021-07-08 19:50:00,-191.0,11317,2021-07-08 20:37:00,-190.0,11317,2021-07-08 20:37:00,-190.0,11386,2021-07-08 21:46:00,-13.0,11386,2021-07-08 21:46:00,-13.0,11480,2021-07-08 23:20:00,-189.0
72,11480,2021-07-08 23:20:00,-189.0,11542,2021-07-09 00:22:00,-190.0,11542,2021-07-09 00:22:00,-190.0,11608,2021-07-09 01:28:00,-21.0,11608,2021-07-09 01:28:00,-21.0,11645,2021-07-09 02:05:00,-190.0
73,11645,2021-07-09 02:05:00,-190.0,11677,2021-07-09 02:37:00,-190.0,11677,2021-07-09 02:37:00,-190.0,11743,2021-07-09 03:43:00,-21.0,11743,2021-07-09 03:43:00,-21.0,11781,2021-07-09 04:21:00,-191.0
74,11781,2021-07-09 04:21:00,-191.0,11807,2021-07-09 04:47:00,-191.0,11807,2021-07-09 04:47:00,-191.0,11874,2021-07-09 05:54:00,-19.0,11874,2021-07-09 05:54:00,-19.0,11911,2021-07-09 06:31:00,-191.0
75,11911,2021-07-09 06:31:00,-191.0,11957,2021-07-09 07:17:00,-191.0,11957,2021-07-09 07:17:00,-191.0,12027,2021-07-09 08:27:00,-11.0,12027,2021-07-09 08:27:00,-11.0,12121,2021-07-09 10:01:00,-190.0
76,12121,2021-07-09 10:01:00,-190.0,12187,2021-07-09 11:07:00,-191.0,12187,2021-07-09 11:07:00,-191.0,12254,2021-07-09 12:14:00,-19.0,12254,2021-07-09 12:14:00,-19.0,12291,2021-07-09 12:51:00,-191.0
77,12291,2021-07-09 12:51:00,-191.0,12327,2021-07-09 13:27:00,-191.0,12327,2021-07-09 13:27:00,-191.0,12394,2021-07-09 14:34:00,-18.0,12394,2021-07-09 14:34:00,-18.0,12431,2021-07-09 15:11:00,-190.0
78,12431,2021-07-09 15:11:00,-190.0,12462,2021-07-09 15:42:00,-189.0,12462,2021-07-09 15:42:00,-189.0,12528,2021-07-09 16:48:00,-20.0,12528,2021-07-09 16:48:00,-20.0,12565,2021-07-09 17:25:00,-189.0
79,12565,2021-07-09 17:25:00,-189.0,12607,2021-07-09 18:07:00,-190.0,12607,2021-07-09 18:07:00,-190.0,12674,2021-07-09 19:14:00,-19.0,12674,2021-07-09 19:14:00,-19.0,12711,2021-07-09 19:51:00,-191.0
80,12711,2021-07-09 19:51:00,-191.0,12757,2021-07-09 20:37:00,-191.0,12757,2021-07-09 20:37:00,-191.0,12826,2021-07-09 21:46:00,-13.0,12826,2021-07-09 21:46:00,-13.0,12921,2021-07-09 23:21:00,-190.0
81,12921,2021-07-09 23:21:00,-190.0,12982,2021-07-10 00:22:00,-190.0,12982,2021-07-10 00:22:00,-190.0,13048,2021-07-10 01:28:00,-21.0,13048,2021-07-10 01:28:00,-21.0,13085,2021-07-10 02:05:00,-190.0
82,13085,2021-07-10 02:05:00,-190.0,13117,2021-07-10 02:37:00,-190.0,13117,2021-07-10 02:37:00,-190.0,13184,2021-07-10 03:44:00,-19.0,13184,2021-07-10 03:44:00,-19.0,13221,2021-07-10 04:21:00,-191.0
83,13221,2021-07-10 04:21:00,-191.0,13247,2021-07-10 04:47:00,-191.0,13247,2021-07-10 04:47:00,-191.0,13314,2021-07-10 05:54:00,-19.0,13314,2021-07-10 05:54:00,-19.0,13351,2021-07-10 06:31:00,-191.0
84,13351,2021-07-10 06:31:00,-191.0,13397,2021-07-10 07:17:00,-191.0,13397,2021-07-10 07:17:00,-191.0,13467,2021-07-10 08:27:00,-11.0,13467,2021-07-10 08:27:00,-11.0,13562,2021-07-10 10:02:00,-190.0
85,13562,2021-07-10 10:02:00,-190.0,13627,2021-07-10 11:07:00,-190.0,13627,2021-07-10 11:07:00,-190.0,13694,2021-07-10 12:14:00,-19.0,13694,2021-07-10 12:14:00,-19.0,13731,2021-07-10 12:51:00,-190.0
86,13731,2021-07-10 12:51:00,-190.0,13767,2021-07-10 13:27:00,-190.0,13767,2021-07-10 13:27:00,-190.0,13834,2021-07-10 14:34:00,-18.0,13834,2021-07-10 14:34:00,-18.0,13871,2021-07-10 15:11:00,-190.0
87,13871,2021-07-10 15:11:00,-190.0,13902,2021-07-10 15:42:00,-189.0,13902,2021-07-10 15:42:00,-189.0,13969,2021-07-10 16:49:00,-18.0,13969,2021-07-10 16:49:00,-18.0,14006,2021-07-10 17:26:00,-190.0
88,14006,2021-07-10 17:26:00,-190.0,14047,2021-07-10 18:07:00,-190.0,14047,2021-07-10 18:07:00,-190.0,14114,2021-07-10 19:14:00,-19.0,14114,2021-07-10 19:14:00,-19.0,14151,2021-07-10 19:51:00,-190.0
89,14151,2021-07-10 19:51:00,-190.0,14197,2021-07-10 20:37:00,-191.0,14197,2021-07-10 20:37:00,-191.0,14267,2021-07-10 21:47:00,-11.0,14267,2021-07-10 21:47:00,-11.0,14362,2021-07-10 23:22:00,-190.0
90,14362,2021-07-10 23:22:00,-190.0,14422,2021-07-11 00:22:00,-190.0,14422,2021-07-11 00:22:00,-190.0,14489,2021-07-11 01:29:00,-18.0,14489,2021-07-11 01:29:00,-18.0,14526,2021-07-11 02:06:00,-190.0
91,14526,2021-07-11 02:06:00,-190.0,14557,2021-07-11 02:37:00,-190.0,14557,2021-07-11 02:37:00,-190.0,14624,2021-07-11 03:44:00,-18.0,14624,2021-07-11 03:44:00,-18.0,14661,2021-07-11 04:21:00,-190.0
92,14661,2021-07-11 04:21:00,-190.0,14687,2021-07-11 04:47:00,-190.0,14687,2021-07-11 04:47:00,-190.0,14754,2021-07-11 05:54:00,-19.0,14754,2021-07-11 05:54:00,-19.0,14791,2021-07-11 06:31:00,-190.0
93,14791,2021-07-11 06:31:00,-190.0,14837,2021-07-11 07:17:00,-191.0,14837,2021-07-11 07:17:00,-191.0,14907,2021-07-11 08:27:00,-11.0,14907,2021-07-11 08:27:00,-11.0,15002,2021-07-11 10:02:00,-190.0
94,15002,2021-07-11 10:02:00,-190.0,15067,2021-07-11 11:07:00,-190.0,15067,2021-07-11 11:07:00,-190.0,15134,2021-07-11 12:14:00,-19.0,15134,2021-07-11 12:14:00,-19.0,15172,2021-07-11 12:52:00,-191.0
95,15172,2021-07-11 12:52:00,-191.0,15207,2021-07-11 13:27:00,-191.0,15207,2021-07-11 13:27:00,-191.0,15275,2021-07-11 14:35:00,-17.0,15275,2021-07-11 14:35:00,-17.0,15312,2021-07-11 15:12:00,-191.0
96,15312,2021-07-11 15:12:00,-191.0,15342,2021-07-11 15:42:00,-190.0,15342,2021-07-11 15:42:00,-190.0,15409,2021-07-11 16:49:00,-18.0,15409,2021-07-11 16:49:00,-18.0,15446,2021-07-11 17:26:00,-190.0
97,15446,2021-07-11 17:26:00,-190.0,15487,2021-07-11 18:07:00,-190.0,15487,2021-07-11 18:07:00,-190.0,15554,2021-07-11 19:14:00,-18.0,15554,2021-07-11 19:14:00,-18.0,15591,2021-07-11 19:51:00,-190.0
98,15591,2021-07-11 19:51:00,-190.0,15637,2021-07-11 20:37:00,-190.0,15637,2021-07-11 20:37:00,-190.0,15707,2021-07-11 21:47:00,-11.0,15707,2021-07-11 21:47:00,-11.0,15802,2021-07-11 23:22:00,-190.0
99,15802,2021-07-11 23:22:00,-190.0,15862,2021-07-12 00:22:00,-190.0,15862,2021-07-12 00:22:00,-190.0,15929,2021-07-12 01:29:00,-18.0,15929,2021-07-12 01:29:00,-18.0,15966,2021-07-12 02:06:00,-189.0
100,15966,2021-07-12 02:06:00,-189.0,15997,2021-07-12 02:37:00,-190.0,15997,2021-07-12 02:37:00,-190.0,16064,2021-07-12 03:44:00,-19.0,16064,2021-07-12 03:44:00,-19.0,16101,2021-07-12 04:21:00,-191.0
101,16101,2021-07-12 04:21:00,-191.0,16127,2021-07-12 04:47:00,-190.0,16127,2021-07-12 04:47:00,-190.0,16194,2021-07-12 05:54:00,-19.0,16194,2021-07-12 05:54:00,-19.0,16232,2021-07-12 06:32:00,-191.0
102,16232,2021-07-12 06:32:00,-191.0,16277,2021-07-12 07:17:00,-191.0,16277,2021-07-12 07:17:00,-191.0,16347,2021-07-12 08:27:00,-11.0,16347,2021-07-12 08:27:00,-11.0,16442,2021-07-12 10:02:00,-190.0
103,16442,2021-07-12 10:02:00,-190.0,16507,2021-07-12 11:07:00,-190.0,16507,2021-07-12 11:07:00,-190.0,16574,2021-07-12 12:14:00,-19.0,16574,2021-07-12 12:14:00,-19.0,16611,2021-07-12 12:51:00,-190.0
104,16611,2021-07-12 12:51:00,-190.0,16647,2021-07-12 13:27:00,-191.0,16647,2021-07-12 13:27:00,-191.0,16714,2021-07-12 14:34:00,-20.0,16714,2021-07-12 14:34:00,-20.0,16752,2021-07-12 15:12:00,-191.0
105,16752,2021-07-12 15:12:00,-191.0,16781,2021-07-12 15:41:00,-191.0,16781,2021-07-12 15:41:00,-191.0,16849,2021-07-12 16:49:00,-18.0,16849,2021-07-12 16:49:00,-18.0,16886,2021-07-12 17:26:00,-190.0
106,16886,2021-07-12 17:26:00,-190.0,16927,2021-07-12 18:07:00,-190.0,16927,2021-07-12 18:07:00,-190.0,16994,2021-07-12 19:14:00,-18.0,16994,2021-07-12 19:14:00,-18.0,17031,2021-07-12 19:51:00,-190.0
107,17031,2021-07-12 19:51:00,-190.0,17077,2021-07-12 20:37:00,-190.0,17077,2021-07-12 20:37:00,-190.0,17147,2021-07-12 21:47:00,-11.0,17147,2021-07-12 21:47:00,-11.0,17242,2021-07-12 23:22:00,-190.0
108,17242,2021-07-12 23:22:00,-190.0,17302,2021-07-13 00:22:00,-190.0,17302,2021-07-13 00:22:00,-190.0,17369,2021-07-13 01:29:00,-18.0,17369,2021-07-13 01:29:00,-18.0,17406,2021-07-13 02:06:00,-190.0
109,17406,2021-07-13 02:06:00,-190.0,17437,2021-07-13 02:37:00,-190.0,17437,2021-07-13 02:37:00,-190.0,17504,2021-07-13 03:44:00,-18.0,17504,2021-07-13 03:44:00,-18.0,17541,2021-07-13 04:21:00,-190.0
110,17541,2021-07-13 04:21:00,-190.0,17567,2021-07-13 04:47:00,-190.0,17567,2021-07-13 04:47:00,-190.0,17634,2021-07-13 05:54:00,-18.0,17634,2021-07-13 05:54:00,-18.0,17671,2021-07-13 06:31:00,-191.0
111,17671,2021-07-13 06:31:00,-191.0,17717,2021-07-13 07:17:00,-191.0,17717,2021-07-13 07:17:00,-191.0,17787,2021-07-13 08:27:00,-11.0,17787,2021-07-13 08:27:00,-11.0,17882,2021-07-13 10:02:00,-191.0
112,17882,2021-07-13 10:02:00,-191.0,17947,2021-07-13 11:07:00,-190.0,17947,2021-07-13 11:07:00,-190.0,18014,2021-07-13 12:14:00,-18.0,18014,2021-07-13 12:14:00,-18.0,18051,2021-07-13 12:51:00,-190.0
113,18051,2021-07-13 12:51:00,-190.0,18087,2021-07-13 13:27:00,-190.0,18087,2021-07-13 13:27:00,-190.0,18154,2021-07-13 14:34:00,-19.0,18154,2021-07-13 14:34:00,-19.0,18191,2021-07-13 15:11:00,-190.0
114,18191,2021-07-13 15:11:00,-190.0,18222,2021-07-13 15:42:00,-190.0,18222,2021-07-13 15:42:00,-190.0,18289,2021-07-13 16:49:00,-18.0,18289,2021-07-13 16:49:00,-18.0,18326,2021-07-13 17:26:00,-190.0
115,18326,2021-07-13 17:26:00,-190.0,18367,2021-07-13 18:07:00,-190.0,18367,2021-07-13 18:07:00,-190.0,18434,2021-07-13 19:14:00,-18.0,18434,2021-07-13 19:14:00,-18.0,18471,2021-07-13 19:51:00,-190.0
116,18471,2021-07-13 19:51:00,-190.0,18517,2021-07-13 20:37:00,-190.0,18517,2021-07-13 20:37:00,-190.0,18587,2021-07-13 21:47:00,-11.0,18587,2021-07-13 21:47:00,-11.0,18682,2021-07-13 23:22:00,-191.0
117,18682,2021-07-13 23:22:00,-191.0,18742,2021-07-14 00:22:00,-190.0,18742,2021-07-14 00:22:00,-190.0,18809,2021-07-14 01:29:00,-18.0,18809,2021-07-14 01:29:00,-18.0,18846,2021-07-14 02:06:00,-190.0
118,18846,2021-07-14 02:06:00,-190.0,18877,2021-07-14 02:37:00,-190.0,18877,2021-07-14 02:37:00,-190.0,18944,2021-07-14 03:44:00,-18.0,18944,2021-07-14 03:44:00,-18.0,18981,2021-07-14 04:21:00,-190.0
119,18981,2021-07-14 04:21:00,-190.0,19007,2021-07-14 04:47:00,-190.0,19007,2021-07-14 04:47:00,-190.0,19074,2021-07-14 05:54:00,-18.0,19074,2021-07-14 05:54:00,-18.0,19111,2021-07-14 06:31:00,-190.0
120,19111,2021-07-14 06:31:00,-190.0,19157,2021-07-14 07:17:00,-191.0,19157,2021-07-14 07:17:00,-191.0,19227,2021-07-14 08:27:00,-12.0,19227,2021-07-14 08:27:00,-12.0,19323,2021-07-14 10:03:00,-191.0
121,19323,2021-07-14 10:03:00,-191.0,19386,2021-07-14 11:06:00,-191.0,19386,2021-07-14 11:06:00,-191.0,19454,2021-07-14 12:14:00,-18.0,19454,2021-07-14 12:14:00,-18.0,19491,2021-07-14 12:51:00,-190.0
122,19491,2021-07-14 12:51:00,-190.0,19527,2021-07-14 13:27:00,-190.0,19527,2021-07-14 13:27:00,-190.0,19594,2021-07-14 14:34:00,-18.0,19594,2021-07-14 14:34:00,-18.0,19631,2021-07-14 15:11:00,-190.0
123,19631,2021-07-14 15:11:00,-190.0,19662,2021-07-14 15:42:00,-190.0,19662,2021-07-14 15:42:00,-190.0,19729,2021-07-14 16:49:00,-18.0,19729,2021-07-14 16:49:00,-18.0,19766,2021-07-14 17:26:00,-190.0
124,19766,2021-07-14 17:26:00,-190.0,19807,2021-07-14 18:07:00,-189.0,19807,2021-07-14 18:07:00,-189.0,19874,2021-07-14 19:14:00,-18.0,19874,2021-07-14 19:14:00,-18.0,19911,2021-07-14 19:51:00,-190.0
125,19911,2021-07-14 19:51:00,-190.0,19957,2021-07-14 20:37:00,-191.0,19957,2021-07-14 20:37:00,-191.0,20027,2021-07-14 21:47:00,-12.0,20027,2021-07-14 21:47:00,-12.0,20122,2021-07-14 23:22:00,-190.0
126,20122,2021-07-14 23:22:00,-190.0,20182,2021-07-15 00:22:00,-190.0,20182,2021-07-15 00:22:00,-190.0,20249,2021-07-15 01:29:00,-18.0,20249,2021-07-15 01:29:00,-18.0,20286,2021-07-15 02:06:00,-190.0
127,20286,2021-07-15 02:06:00,-190.0,20317,2021-07-15 02:37:00,-190.0,20317,2021-07-15 02:37:00,-190.0,20384,2021-07-15 03:44:00,-18.0,20384,2021-07-15 03:44:00,-18.0,20421,2021-07-15 04:21:00,-190.0
128,20421,2021-07-15 04:21:00,-190.0,20447,2021-07-15 04:47:00,-190.0,20447,2021-07-15 04:47:00,-190.0,20514,2021-07-15 05:54:00,-18.0,20514,2021-07-15 05:54:00,-18.0,20551,2021-07-15 06:31:00,-190.0
129,20551,2021-07-15 06:31:00,-190.0,20597,2021-07-15 07:17:00,-190.0,20597,2021-07-15 07:17:00,-190.0,20667,2021-07-15 08:27:00,-11.0,20667,2021-07-15 08:27:00,-11.0,20762,2021-07-15 10:02:00,-191.0
130,20762,2021-07-15 10:02:00,-191.0,20827,2021-07-15 11:07:00,-191.0,20827,2021-07-15 11:07:00,-191.0,20894,2021-07-15 12:14:00,-18.0,20894,2021-07-15 12:14:00,-18.0,20931,2021-07-15 12:51:00,-190.0
131,20931,2021-07-15 12:51:00,-190.0,20967,2021-07-15 13:27:00,-190.0,20967,2021-07-15 13:27:00,-190.0,21034,2021-07-15 14:34:00,-18.0,21034,2021-07-15 14:34:00,-18.0,21071,2021-07-15 15:11:00,-190.0
132,21071,2021-07-15 15:11:00,-190.0,21102,2021-07-15 15:42:00,-190.0,21102,2021-07-15 15:42:00,-190.0,21169,2021-07-15 16:49:00,-18.0,21169,2021-07-15 16:49:00,-18.0,21206,2021-07-15 17:26:00,-190.0
133,21206,2021-07-15 17:26:00,-190.0,21247,2021-07-15 18:07:00,-189.0,21247,2021-07-15 18:07:00,-189.0,21314,2021-07-15 19:14:00,-18.0,21314,2021-07-15 19:14:00,-18.0,21351,2021-07-15 19:51:00,-190.0
134,21351,2021-07-15 19:51:00,-190.0,21397,2021-07-15 20:37:00,-190.0,21397,2021-07-15 20:37:00,-190.0,21467,2021-07-15 21:47:00,-11.0,21467,2021-07-15 21:47:00,-11.0,21562,2021-07-15 23:22:00,-191.0
135,21562,2021-07-15 23:22:00,-191.0,21622,2021-07-16 00:22:00,-191.0,21622,2021-07-16 00:22:00,-191.0,21689,2021-07-16 01:29:00,-18.0,21689,2021-07-16 01:29:00,-18.0,21726,2021-07-16 02:06:00,-190.0
136,21726,2021-07-16 02:06:00,-190.0,21757,2021-07-16 02:37:00,-190.0,21757,2021-07-16 02:37:00,-190.0,21824,2021-07-16 03:44:00,-18.0,21824,2021-07-16 03:44:00,-18.0,21861,2021-07-16 04:21:00,-190.0
137,21861,2021-07-16 04:21:00,-190.0,21887,2021-07-16 04:47:00,-190.0,21887,2021-07-16 04:47:00,-190.0,21954,2021-07-16 05:54:00,-18.0,21954,2021-07-16 05:54:00,-18.0,21991,2021-07-16 06:31:00,-190.0
138,21991,2021-07-16 06:31:00,-190.0,22037,2021-07-16 07:17:00,-190.0,22037,2021-07-16 07:17:00,-190.0,22107,2021-07-16 08:27:00,-10.0,22107,2021-07-16 08:27:00,-10.0,22202,2021-07-16 10:02:00,-192.0
139,22202,2021-07-16 10:02:00,-192.0,22267,2021-07-16 11:07:00,-191.0,22267,2021-07-16 11:07:00,-191.0,22334,2021-07-16 12:14:00,-18.0,22334,2021-07-16 12:14:00,-18.0,22371,2021-07-16 12:51:00,-190.0
140,22371,2021-07-16 12:51:00,-190.0,22407,2021-07-16 13:27:00,-190.0,22407,2021-07-16 13:27:00,-190.0,22474,2021-07-16 14:34:00,-18.0,22474,2021-07-16 14:34:00,-18.0,22511,2021-07-16 15:11:00,-190.0
141,22511,2021-07-16 15:11:00,-190.0,22542,2021-07-16 15:42:00,-189.0,22542,2021-07-16 15:42:00,-189.0,22609,2021-07-16 16:49:00,-18.0,22609,2021-07-16 16:49:00,-18.0,22646,2021-07-16 17:26:00,-190.0
142,22646,2021-07-16 17:26:00,-190.0,22687,2021-07-16 18:07:00,-189.0,22687,2021-07-16 18:07:00,-189.0,22754,2021-07-16 19:14:00,-17.0,22754,2021-07-16 19:14:00,-17.0,22791,2021-07-16 19:51:00,-189.0
143,22791,2021-07-16 19:51:00,-189.0,22837,2021-07-16 20:37:00,-190.0,22837,2021-07-16 20:37:00,-190.0,22907,2021-07-16 21:47:00,-11.0,22907,2021-07-16 21:47:00,-11.0,23002,2021-07-16 23:22:00,-191.0
144,23002,2021-07-16 23:22:00,-191.0,23062,2021-07-17 00:22:00,-191.0,23062,2021-07-17 00:22:00,-191.0,23129,2021-07-17 01:29:00,-19.0,23129,2021-07-17 01:29:00,-19.0,23166,2021-07-17 02:06:00,-189.0
145,23166,2021-07-17 02:06:00,-189.0,23197,2021-07-17 02:37:00,-190.0,23197,2021-07-17 02:37:00,-190.0,23264,2021-07-17 03:44:00,-18.0,23264,2021-07-17 03:44:00,-18.0,23301,2021-07-17 04:21:00,-190.0
146,23301,2021-07-17 04:21:00,-190.0,23327,2021-07-17 04:47:00,-190.0,23327,2021-07-17 04:47:00,-190.0,23394,2021-07-17 05:54:00,-18.0,23394,2021-07-17 05:54:00,-18.0,23431,2021-07-17 06:31:00,-190.0
147,23431,2021-07-17 06:31:00,-190.0,23477,2021-07-17 07:17:00,-190.0,23477,2021-07-17 07:17:00,-190.0,23547,2021-07-17 08:27:00,-11.0,23547,2021-07-17 08:27:00,-11.0,23642,2021-07-17 10:02:00,-190.0
148,23642,2021-07-17 10:02:00,-190.0,23707,2021-07-17 11:07:00,-190.0,23707,2021-07-17 11:07:00,-190.0,23774,2021-07-17 12:14:00,-19.0,23774,2021-07-17 12:14:00,-19.0,23811,2021-07-17 12:51:00,-190.0
149,23811,2021-07-17 12:51:00,-190.0,23847,2021-07-17 13:27:00,-190.0,23847,2021-07-17 13:27:00,-190.0,23914,2021-07-17 14:34:00,-18.0,23914,2021-07-17 14:34:00,-18.0,23951,2021-07-17 15:11:00,-190.0
150,23951,2021-07-17 15:11:00,-190.0,23982,2021-07-17 15:42:00,-190.0,23982,2021-07-17 15:42:00,-190.0,24049,2021-07-17 16:49:00,-18.0,24049,2021-07-17 16:49:00,-18.0,24086,2021-07-17 17:26:00,-190.0
151,24086,2021-07-17 17:26:00,-190.0,24127,2021-07-17 18:07:00,-190.0,24127,2021-07-17 18:07:00,-190.0,24194,2021-07-17 19:14:00,-19.0,24194,2021-07-17 19:14:00,-19.0,24231,2021-07-17 19:51:00,-190.0
152,24231,2021-07-17 19:51:00,-190.0,24277,2021-07-17 20:37:00,-190.0,24277,2021-07-17 20:37:00,-190.0,24347,2021-07-17 21:47:00,-11.0,24347,2021-07-17 21:47:00,-11.0,24442,2021-07-17 23:22:00,-191.0
153,24442,2021-07-17 23:22:00,-191.0,24502,2021-07-18 00:22:00,-191.0,24502,2021-07-18 00:22:00,-191.0,24569,2021-07-18 01:29:00,-19.0,24569,2021-07-18 01:29:00,-19.0,24607,2021-07-18 02:07:00,-191.0
154,24607,2021-07-18 02:07:00,-191.0,24637,2021-07-18 02:37:00,-191.0,24637,2021-07-18 02:37:00,-191.0,24704,2021-07-18 03:44:00,-19.0,24704,2021-07-18 03:44:00,-19.0,24741,2021-07-18 04:21:00,-190.0
155,24741,2021-07-18 04:21:00,-190.0,24767,2021-07-18 04:47:00,-190.0,24767,2021-07-18 04:47:00,-190.0,24834,2021-07-18 05:54:00,-19.0,24834,2021-07-18 05:54:00,-19.0,24871,2021-07-18 06:31:00,-190.0
156,24871,2021-07-18 06:31:00,-190.0,24917,2021-07-18 07:17:00,-190.0,24917,2021-07-18 07:17:00,-190.0,24987,2021-07-18 08:27:00,-12.0,24987,2021-07-18 08:27:00,-12.0,25082,2021-07-18 10:02:00,-191.0
157,25082,2021-07-18 10:02:00,-191.0,25147,2021-07-18 11:07:00,-191.0,25147,2021-07-18 11:07:00,-191.0,25214,2021-07-18 12:14:00,-19.0,25214,2021-07-18 12:14:00,-19.0,25252,2021-07-18 12:52:00,-190.0
158,25252,2021-07-18 12:52:00,-190.0,25287,2021-07-18 13:27:00,-190.0,25287,2021-07-18 13:27:00,-190.0,25354,2021-07-18 14:34:00,-19.0,25354,2021-07-18 14:34:00,-19.0,25391,2021-07-18 15:11:00,-189.0
159,25391,2021-07-18 15:11:00,-189.0,25422,2021-07-18 15:42:00,-190.0,25422,2021-07-18 15:42:00,-190.0,25489,2021-07-18 16:49:00,-18.0,25489,2021-07-18 16:49:00,-18.0,25526,2021-07-18 17:26:00,-190.0
160,25526,2021-07-18 17:26:00,-190.0,25567,2021-07-18 18:07:00,-190.0,25567,2021-07-18 18:07:00,-190.0,25634,2021-07-18 19:14:00,-19.0,25634,2021-07-18 19:14:00,-19.0,25672,2021-07-18 19:52:00,-191.0
161,25672,2021-07-18 19:52:00,-191.0,25717,2021-07-18 20:37:00,-191.0,25717,2021-07-18 20:37:00,-191.0,25787,2021-07-18 21:47:00,-12.0,25787,2021-07-18 21:47:00,-12.0,25883,2021-07-18 23:23:00,-192.0
162,25883,2021-07-18 23:23:00,-192.0,25942,2021-07-19 00:22:00,-192.0,25942,2021-07-19 00:22:00,-192.0,26010,2021-07-19 01:30:00,-17.0,26010,2021-07-19 01:30:00,-17.0,26047,2021-07-19 02:07:00,-191.0
163,26047,2021-07-19 02:07:00,-191.0,26077,2021-07-19 02:37:00,-191.0,26077,2021-07-19 02:37:00,-191.0,26144,2021-07-19 03:44:00,-19.0,26144,2021-07-19 03:44:00,-19.0,26182,2021-07-19 04:22:00,-191.0
164,26182,2021-07-19 04:22:00,-191.0,26207,2021-07-19 04:47:00,-191.0,26207,2021-07-19 04:47:00,-191.0,26274,2021-07-19 05:54:00,-19.0,26274,2021-07-19 05:54:00,-19.0,26312,2021-07-19 06:32:00,-191.0
165,26312,2021-07-19 06:32:00,-191.0,26357,2021-07-19 07:17:00,-191.0,26357,2021-07-19 07:17:00,-191.0,26427,2021-07-19 08:27:00,-12.0,26427,2021-07-19 08:27:00,-12.0,26523,2021-07-19 10:03:00,-191.0
166,26523,2021-07-19 10:03:00,-191.0,26587,2021-07-19 11:07:00,-190.0,26587,2021-07-19 11:07:00,-190.0,26654,2021-07-19 12:14:00,-19.0,26654,2021-07-19 12:14:00,-19.0,26692,2021-07-19 12:52:00,-191.0
167,26692,2021-07-19 12:52:00,-191.0,26727,2021-07-19 13:27:00,-191.0,26727,2021-07-19 13:27:00,-191.0,26794,2021-07-19 14:34:00,-18.0,26794,2021-07-19 14:34:00,-18.0,26831,2021-07-19 15:11:00,-189.0
168,26831,2021-07-19 15:11:00,-189.0,26862,2021-07-19 15:42:00,-190.0,26862,2021-07-19 15:42:00,-190.0,26929,2021-07-19 16:49:00,-19.0,26929,2021-07-19 16:49:00,-19.0,26967,2021-07-19 17:27:00,-191.0
169,26967,2021-07-19 17:27:00,-191.0,27007,2021-07-19 18:07:00,-191.0,27007,2021-07-19 18:07:00,-191.0,27074,2021-07-19 19:14:00,-19.0,27074,2021-07-19 19:14:00,-19.0,27112,2021-07-19 19:52:00,-191.0
170,27112,2021-07-19 19:52:00,-191.0,27157,2021-07-19 20:37:00,-192.0,27157,2021-07-19 20:37:00,-192.0,27228,2021-07-19 21:48:00,-10.0,27228,2021-07-19 21:48:00,-10.0,27323,2021-07-19 23:23:00,-192.0
171,27323,2021-07-19 23:23:00,-192.0,27382,2021-07-20 00:22:00,-192.0,27382,2021-07-20 00:22:00,-192.0,27450,2021-07-20 01:30:00,-18.0,27450,2021-07-20 01:30:00,-18.0,27487,2021-07-20 02:07:00,-191.0
172,27487,2021-07-20 02:07:00,-191.0,27517,2021-07-20 02:37:00,-192.0,27517,2021-07-20 02:37:00,-192.0,27585,2021-07-20 03:45:00,-17.0,27585,2021-07-20 03:45:00,-17.0,27622,2021-07-20 04:22:00,-191.0
173,27622,2021-07-20 04:22:00,-191.0,27647,2021-07-20 04:47:00,-191.0,27647,2021-07-20 04:47:00,-191.0,27714,2021-07-20 05:54:00,-19.0,27714,2021-07-20 05:54:00,-19.0,27752,2021-07-20 06:32:00,-191.0
174,27752,2021-07-20 06:32:00,-191.0,27797,2021-07-20 07:17:00,-191.0,27797,2021-07-20 07:17:00,-191.0,27867,2021-07-20 08:27:00,-11.0,27867,2021-07-20 08:27:00,-11.0,27963,2021-07-20 10:03:00,-192.0
175,27963,2021-07-20 10:03:00,-192.0,28027,2021-07-20 11:07:00,-191.0,28027,2021-07-20 11:07:00,-191.0,28094,2021-07-20 12:14:00,-19.0,28094,2021-07-20 12:14:00,-19.0,28132,2021-07-20 12:52:00,-191.0
176,28132,2021-07-20 12:52:00,-191.0,28167,2021-07-20 13:27:00,-191.0,28167,2021-07-20 13:27:00,-191.0,28235,2021-07-20 14:35:00,-17.0,28235,2021-07-20 14:35:00,-17.0,28272,2021-07-20 15:12:00,-191.0
177,28272,2021-07-20 15:12:00,-191.0,28302,2021-07-20 15:42:00,-191.0,28302,2021-07-20 15:42:00,-191.0,28369,2021-07-20 16:49:00,-19.0,28369,2021-07-20 16:49:00,-19.0,28406,2021-07-20 17:26:00,-190.0
178,28406,2021-07-20 17:26:00,-190.0,28447,2021-07-20 18:07:00,-191.0,28447,2021-07-20 18:07:00,-191.0,28515,2021-07-20 19:15:00,-17.0,28515,2021-07-20 19:15:00,-17.0,28552,2021-07-20 19:52:00,-191.0
179,28552,2021-07-20 19:52:00,-191.0,28597,2021-07-20 20:37:00,-192.0,28597,2021-07-20 20:37:00,-192.0,28667,2021-07-20 21:47:00,-12.0,28667,2021-07-20 21:47:00,-12.0,28763,2021-07-20 23:23:00,-192.0
180,28763,2021-07-20 23:23:00,-192.0,28822,2021-07-21 00:22:00,-192.0,28822,2021-07-21 00:22:00,-192.0,28890,2021-07-21 01:30:00,-18.0,28890,2021-07-21 01:30:00,-18.0,28927,2021-07-21 02:07:00,-192.0
181,28927,2021-07-21 02:07:00,-192.0,28957,2021-07-21 02:37:00,-192.0,28957,2021-07-21 02:37:00,-192.0,29025,2021-07-21 03:45:00,-17.0,29025,2021-07-21 03:45:00,-17.0,29062,2021-07-21 04:22:00,-191.0
182,29062,2021-07-21 04:22:00,-191.0,29087,2021-07-21 04:47:00,-192.0,29087,2021-07-21 04:47:00,-192.0,29155,2021-07-21 05:55:00,-17.0,29155,2021-07-21 05:55:00,-17.0,29192,2021-07-21 06:32:00,-191.0
183,29192,2021-07-21 06:32:00,-191.0,29237,2021-07-21 07:17:00,-191.0,29237,2021-07-21 07:17:00,-191.0,29307,2021-07-21 08:27:00,-11.0,29307,2021-07-21 08:27:00,-11.0,29402,2021-07-21 10:02:00,-191.0
184,29402,2021-07-21 10:02:00,-191.0,29466,2021-07-21 11:06:00,-192.0,29466,2021-07-21 11:06:00,-192.0,29534,2021-07-21 12:14:00,-19.0,29534,2021-07-21 12:14:00,-19.0,29571,2021-07-21 12:51:00,-189.0
185,29571,2021-07-21 12:51:00,-189.0,29607,2021-07-21 13:27:00,-189.0,29607,2021-07-21 13:27:00,-189.0,29674,2021-07-21 14:34:00,-18.0,29674,2021-07-21 14:34:00,-18.0,29711,2021-07-21 15:11:00,-190.0
186,29711,2021-07-21 15:11:00,-190.0,29742,2021-07-21 15:42:00,-190.0,29742,2021-07-21 15:42:00,-190.0,29809,2021-07-21 16:49:00,-19.0,29809,2021-07-21 16:49:00,-19.0,29847,2021-07-21 17:27:00,-191.0
187,29847,2021-07-21 17:27:00,-191.0,29887,2021-07-21 18:07:00,-191.0,29887,2021-07-21 18:07:00,-191.0,29954,2021-07-21 19:14:00,-19.0,29954,2021-07-21 19:14:00,-19.0,29992,2021-07-21 19:52:00,-191.0
188,29992,2021-07-21 19:52:00,-191.0,30037,2021-07-21 20:37:00,-191.0,30037,2021-07-21 20:37:00,-191.0,30107,2021-07-21 21:47:00,-12.0,30107,2021-07-21 21:47:00,-12.0,30203,2021-07-21 23:23:00,-191.0
189,30203,2021-07-21 23:23:00,-191.0,30262,2021-07-22 00:22:00,-191.0,30262,2021-07-22 00:22:00,-191.0,30329,2021-07-22 01:29:00,-19.0,30329,2021-07-22 01:29:00,-19.0,30367,2021-07-22 02:07:00,-192.0
190,30367,2021-07-22 02:07:00,-192.0,30397,2021-07-22 02:37:00,-191.0,30397,2021-07-22 02:37:00,-191.0,30465,2021-07-22 03:45:00,-17.0,30465,2021-07-22 03:45:00,-17.0,30502,2021-07-22 04:22:00,-192.0
191,30502,2021-07-22 04:22:00,-192.0,30527,2021-07-22 04:47:00,-192.0,30527,2021-07-22 04:47:00,-192.0,30595,2021-07-22 05:55:00,-17.0,30595,2021-07-22 05:55:00,-17.0,30632,2021-07-22 06:32:00,-191.0
192,30632,2021-07-22 06:32:00,-191.0,30677,2021-07-22 07:17:00,-191.0,30677,2021-07-22 07:17:00,-191.0,30747,2021-07-22 08:27:00,-11.0,30747,2021-07-22 08:27:00,-11.0,30842,2021-07-22 10:02:00,-190.0
193,30842,2021-07-22 10:02:00,-190.0,30907,2021-07-22 11:07:00,-191.0,30907,2021-07-22 11:07:00,-191.0,30974,2021-07-22 12:14:00,-19.0,30974,2021-07-22 12:14:00,-19.0,31011,2021-07-22 12:51:00,-189.0
194,31011,2021-07-22 12:51:00,-189.0,31047,2021-07-22 13:27:00,-190.0,31047,2021-07-22 13:27:00,-190.0,31114,2021-07-22 14:34:00,-17.0,31114,2021-07-22 14:34:00,-17.0,31151,2021-07-22 15:11:00,-189.0
195,31151,2021-07-22 15:11:00,-189.0,31182,2021-07-22 15:42:00,-190.0,31182,2021-07-22 15:42:00,-190.0,31249,2021-07-22 16:49:00,-18.0,31249,2021-07-22 16:49:00,-18.0,31286,2021-07-22 17:26:00,-190.0
196,31286,2021-07-22 17:26:00,-190.0,31327,2021-07-22 18:07:00,-191.0,31327,2021-07-22 18:07:00,-191.0,31394,2021-07-22 19:14:00,-19.0,31394,2021-07-22 19:14:00,-19.0,31432,2021-07-22 19:52:00,-191.0
197,31432,2021-07-22 19:52:00,-191.0,31477,2021-07-22 20:37:00,-191.0,31477,2021-07-22 20:37:00,-191.0,31547,2021-07-22 21:47:00,-11.0,31547,2021-07-22 21:47:00,-11.0,31642,2021-07-22 23:22:00,-190.0
198,31642,2021-07-22 23:22:00,-190.0,31702,2021-07-23 00:22:00,-190.0,31702,2021-07-23 00:22:00,-190.0,31769,2021-07-23 01:29:00,-18.0,31769,2021-07-23 01:29:00,-18.0,31806,2021-07-23 02:06:00,-190.0
199,31806,2021-07-23 02:06:00,-190.0,31837,2021-07-23 02:37:00,-190.0,31837,2021-07-23 02:37:00,-190.0,31904,2021-07-23 03:44:00,-19.0,31904,2021-07-23 03:44:00,-19.0,31942,2021-07-23 04:22:00,-191.0
200,31942,2021-07-23 04:22:00,-191.0,31967,2021-07-23 04:47:00,-191.0,31967,2021-07-23 04:47:00,-191.0,32035,2021-07-23 05:55:00,-17.0,32035,2021-07-23 05:55:00,-17.0,32072,2021-07-23 06:32:00,-191.0
201,32072,2021-07-23 06:32:00,-191.0,32117,2021-07-23 07:17:00,-191.0,32117,2021-07-23 07:17:00,-191.0,32187,2021-07-23 08:27:00,-11.0,32187,2021-07-23 08:27:00,-11.0,32282,2021-07-23 10:02:00,-190.0
202,32282,2021-07-23 10:02:00,-190.0,32347,2021-07-23 11:07:00,-191.0,32347,2021-07-23 11:07:00,-191.0,32414,2021-07-23 12:14:00,-19.0,32414,2021-07-23 12:14:00,-19.0,32451,2021-07-23 12:51:00,-189.0
203,32451,2021-07-23 12:51:00,-189.0,32487,2021-07-23 13:27:00,-190.0,32487,2021-07-23 13:27:00,-190.0,32553,2021-07-23 14:33:00,-19.0,32553,2021-07-23 14:33:00,-19.0,32590,2021-07-23 15:10:00,-188.0
204,32590,2021-07-23 15:10:00,-188.0,32622,2021-07-23 15:42:00,-189.0,32622,2021-07-23 15:42:00,-189.0,32689,2021-07-23 16:49:00,-18.0,32689,2021-07-23 16:49:00,-18.0,32726,2021-07-23 17:26:00,-190.0
205,32726,2021-07-23 17:26:00,-190.0,32767,2021-07-23 18:07:00,-190.0,32767,2021-07-23 18:07:00,-190.0,32834,2021-07-23 19:14:00,-19.0,32834,2021-07-23 19:14:00,-19.0,32872,2021-07-23 19:52:00,-191.0
206,32872,2021-07-23 19:52:00,-191.0,32917,2021-07-23 20:37:00,-191.0,32917,2021-07-23 20:37:00,-191.0,32987,2021-07-23 21:47:00,-11.0,32987,2021-07-23 21:47:00,-11.0,33082,2021-07-23 23:22:00,-190.0
207,33082,2021-07-23 23:22:00,-190.0,33142,2021-07-24 00:22:00,-190.0,33142,2021-07-24 00:22:00,-190.0,33209,2021-07-24 01:29:00,-18.0,33209,2021-07-24 01:29:00,-18.0,33246,2021-07-24 02:06:00,-189.0
208,33246,2021-07-24 02:06:00,-189.0,33277,2021-07-24 02:37:00,-190.0,33277,2021-07-24 02:37:00,-190.0,33344,2021-07-24 03:44:00,-18.0,33344,2021-07-24 03:44:00,-18.0,33381,2021-07-24 04:21:00,-190.0
209,33381,2021-07-24 04:21:00,-190.0,33407,2021-07-24 04:47:00,-191.0,33407,2021-07-24 04:47:00,-191.0,33474,2021-07-24 05:54:00,-19.0,33474,2021-07-24 05:54:00,-19.0,33512,2021-07-24 06:32:00,-191.0
210,33512,2021-07-24 06:32:00,-191.0,33557,2021-07-24 07:17:00,-191.0,33557,2021-07-24 07:17:00,-191.0,33627,2021-07-24 08:27:00,-11.0,33627,2021-07-24 08:27:00,-11.0,33722,2021-07-24 10:02:00,-191.0
211,33722,2021-07-24 10:02:00,-191.0,33787,2021-07-24 11:07:00,-191.0,33787,2021-07-24 11:07:00,-191.0,33855,2021-07-24 12:15:00,-18.0,33855,2021-07-24 12:15:00,-18.0,33892,2021-07-24 12:52:00,-191.0
212,33892,2021-07-24 12:52:00,-191.0,33927,2021-07-24 13:27:00,-192.0,33927,2021-07-24 13:27:00,-192.0,33994,2021-07-24 14:34:00,-18.0,33994,2021-07-24 14:34:00,-18.0,34031,2021-07-24 15:11:00,-189.0
213,34031,2021-07-24 15:11:00,-189.0,34062,2021-07-24 15:42:00,-189.0,34062,2021-07-24 15:42:00,-189.0,34128,2021-07-24 16:48:00,-20.0,34128,2021-07-24 16:48:00,-20.0,34165,2021-07-24 17:25:00,-188.0
214,34165,2021-07-24 17:25:00,-188.0,34207,2021-07-24 18:07:00,-190.0,34207,2021-07-24 18:07:00,-190.0,34274,2021-07-24 19:14:00,-18.0,34274,2021-07-24 19:14:00,-18.0,34311,2021-07-24 19:51:00,-191.0
215,34311,2021-07-24 19:51:00,-191.0,34357,2021-07-24 20:37:00,-191.0,34357,2021-07-24 20:37:00,-191.0,34427,2021-07-24 21:47:00,-11.0,34427,2021-07-24 21:47:00,-11.0,34522,2021-07-24 23:22:00,-190.0
216,34522,2021-07-24 23:22:00,-190.0,34582,2021-07-25 00:22:00,-190.0,34582,2021-07-25 00:22:00,-190.0,34649,2021-07-25 01:29:00,-18.0,34649,2021-07-25 01:29:00,-18.0,34686,2021-07-25 02:06:00,-190.0
217,34686,2021-07-25 02:06:00,-190.0,34717,2021-07-25 02:37:00,-190.0,34717,2021-07-25 02:37:00,-190.0,34784,2021-07-25 03:44:00,-18.0,34784,2021-07-25 03:44:00,-18.0,34821,2021-07-25 04:21:00,-190.0
218,34821,2021-07-25 04:21:00,-190.0,34847,2021-07-25 04:47:00,-190.0,34847,2021-07-25 04:47:00,-190.0,34914,2021-07-25 05:54:00,-19.0,34914,2021-07-25 05:54:00,-19.0,34951,2021-07-25 06:31:00,-191.0
219,34951,2021-07-25 06:31:00,-191.0,34997,2021-07-25 07:17:00,-191.0,34997,2021-07-25 07:17:00,-191.0,35067,2021-07-25 08:27:00,-11.0,35067,2021-07-25 08:27:00,-11.0,35162,2021-07-25 10:02:00,-190.0
220,35162,2021-07-25 10:02:00,-190.0,35227,2021-07-25 11:07:00,-190.0,35227,2021-07-25 11:07:00,-190.0,35294,2021-07-25 12:14:00,-19.0,35294,2021-07-25 12:14:00,-19.0,35332,2021-07-25 12:52:00,-191.0
221,35332,2021-07-25 12:52:00,-191.0,35367,2021-07-25 13:27:00,-192.0,35367,2021-07-25 13:27:00,-192.0,35434,2021-07-25 14:34:00,-19.0,35434,2021-07-25 14:34:00,-19.0,35471,2021-07-25 15:11:00,-189.0
222,35471,2021-07-25 15:11:00,-189.0,35502,2021-07-25 15:42:00,-189.0,35502,2021-07-25 15:42:00,-189.0,35568,2021-07-25 16:48:00,-19.0,35568,2021-07-25 16:48:00,-19.0,35605,2021-07-25 17:25:00,-189.0
223,35605,2021-07-25 17:25:00,-189.0,35647,2021-07-25 18:07:00,-189.0,35647,2021-07-25 18:07:00,-189.0,35714,2021-07-25 19:14:00,-18.0,35714,2021-07-25 19:14:00,-18.0,35751,2021-07-25 19:51:00,-191.0
224,35751,2021-07-25 19:51:00,-191.0,35797,2021-07-25 20:37:00,-191.0,35797,2021-07-25 20:37:00,-191.0,35867,2021-07-25 21:47:00,-11.0,35867,2021-07-25 21:47:00,-11.0,35962,2021-07-25 23:22:00,-190.0
225,35962,2021-07-25 23:22:00,-190.0,36022,2021-07-26 00:22:00,-190.0,36022,2021-07-26 00:22:00,-190.0,36089,2021-07-26 01:29:00,-18.0,36089,2021-07-26 01:29:00,-18.0,36126,2021-07-26 02:06:00,-190.0
226,36126,2021-07-26 02:06:00,-190.0,36157,2021-07-26 02:37:00,-189.0,36157,2021-07-26 02:37:00,-189.0,36223,2021-07-26 03:43:00,-20.0,36223,2021-07-26 03:43:00,-20.0,36260,2021-07-26 04:20:00,-189.0
227,36260,2021-07-26 04:20:00,-189.0,36287,2021-07-26 04:47:00,-190.0,36287,2021-07-26 04:47:00,-190.0,36354,2021-07-26 05:54:00,-18.0,36354,2021-07-26 05:54:00,-18.0,36391,2021-07-26 06:31:00,-191.0
228,36391,2021-07-26 06:31:00,-191.0,36437,2021-07-26 07:17:00,-191.0,36437,2021-07-26 07:17:00,-191.0,36507,2021-07-26 08:27:00,-12.0,36507,2021-07-26 08:27:00,-12.0,36602,2021-07-26 10:02:00,-190.0
229,36602,2021-07-26 10:02:00,-190.0,36667,2021-07-26 11:07:00,-190.0,36667,2021-07-26 11:07:00,-190.0,36734,2021-07-26 12:14:00,-18.0,36734,2021-07-26 12:14:00,-18.0,36771,2021-07-26 12:51:00,-190.0
230,36771,2021-07-26 12:51:00,-190.0,36807,2021-07-26 13:27:00,-190.0,36807,2021-07-26 13:27:00,-190.0,36874,2021-07-26 14:34:00,-18.0,36874,2021-07-26 14:34:00,-18.0,36911,2021-07-26 15:11:00,-190.0
231,36911,2021-07-26 15:11:00,-190.0,36942,2021-07-26 15:42:00,-189.0,36942,2021-07-26 15:42:00,-189.0,37008,2021-07-26 16:48:00,-19.0,37008,2021-07-26 16:48:00,-19.0,37045,2021-07-26 17:25:00,-188.0
232,37045,2021-07-26 17:25:00,-188.0,37087,2021-07-26 18:07:00,-189.0,37087,2021-07-26 18:07:00,-189.0,37154,2021-07-26 19:14:00,-18.0,37154,2021-07-26 19:14:00,-18.0,37191,2021-07-26 19:51:00,-190.0
233,37191,2021-07-26 19:51:00,-190.0,37237,2021-07-26 20:37:00,-191.0,37237,2021-07-26 20:37:00,-191.0,37307,2021-07-26 21:47:00,-11.0,37307,2021-07-26 21:47:00,-11.0,37402,2021-07-26 23:22:00,-191.0
234,37402,2021-07-26 23:22:00,-191.0,37462,2021-07-27 00:22:00,-190.0,37462,2021-07-27 00:22:00,-190.0,37529,2021-07-27 01:29:00,-18.0,37529,2021-07-27 01:29:00,-18.0,37566,2021-07-27 02:06:00,-190.0
235,37566,2021-07-27 02:06:00,-190.0,37597,2021-07-27 02:37:00,-190.0,37597,2021-07-27 02:37:00,-190.0,37663,2021-07-27 03:43:00,-20.0,37663,2021-07-27 03:43:00,-20.0,37700,2021-07-27 04:20:00,-188.0
236,37700,2021-07-27 04:20:00,-188.0,37727,2021-07-27 04:47:00,-189.0,37727,2021-07-27 04:47:00,-189.0,37794,2021-07-27 05:54:00,-18.0,37794,2021-07-27 05:54:00,-18.0,37831,2021-07-27 06:31:00,-190.0
237,37831,2021-07-27 06:31:00,-190.0,37877,2021-07-27 07:17:00,-191.0,37877,2021-07-27 07:17:00,-191.0,37947,2021-07-27 08:27:00,-11.0,37947,2021-07-27 08:27:00,-11.0,38042,2021-07-27 10:02:00,-191.0
238,38042,2021-07-27 10:02:00,-191.0,38107,2021-07-27 11:07:00,-191.0,38107,2021-07-27 11:07:00,-191.0,38174,2021-07-27 12:14:00,-19.0,38174,2021-07-27 12:14:00,-19.0,38212,2021-07-27 12:52:00,-191.0
239,38212,2021-07-27 12:52:00,-191.0,38247,2021-07-27 13:27:00,-191.0,38247,2021-07-27 13:27:00,-191.0,38314,2021-07-27 14:34:00,-19.0,38314,2021-07-27 14:34:00,-19.0,38352,2021-07-27 15:12:00,-191.0
240,38352,2021-07-27 15:12:00,-191.0,38382,2021-07-27 15:42:00,-191.0,38382,2021-07-27 15:42:00,-191.0,38449,2021-07-27 16:49:00,-18.0,38449,2021-07-27 16:49:00,-18.0,38486,2021-07-27 17:26:00,-189.0
241,38486,2021-07-27 17:26:00,-189.0,38527,2021-07-27 18:07:00,-189.0,38527,2021-07-27 18:07:00,-189.0,38594,2021-07-27 19:14:00,-17.0,38594,2021-07-27 19:14:00,-17.0,38631,2021-07-27 19:51:00,-190.0
242,38631,2021-07-27 19:51:00,-190.0,38677,2021-07-27 20:37:00,-190.0,38677,2021-07-27 20:37:00,-190.0,38747,2021-07-27 21:47:00,-11.0,38747,2021-07-27 21:47:00,-11.0,38842,2021-07-27 23:22:00,-191.0
243,38842,2021-07-27 23:22:00,-191.0,38902,2021-07-28 00:22:00,-191.0,38902,2021-07-28 00:22:00,-191.0,38969,2021-07-28 01:29:00,-19.0,38969,2021-07-28 01:29:00,-19.0,39007,2021-07-28 02:07:00,-191.0
244,39007,2021-07-28 02:07:00,-191.0,39037,2021-07-28 02:37:00,-190.0,39037,2021-07-28 02:37:00,-190.0,39104,2021-07-28 03:44:00,-18.0,39104,2021-07-28 03:44:00,-18.0,39141,2021-07-28 04:21:00,-190.0
245,39141,2021-07-28 04:21:00,-190.0,39167,2021-07-28 04:47:00,-190.0,39167,2021-07-28 04:47:00,-190.0,39234,2021-07-28 05:54:00,-18.0,39234,2021-07-28 05:54:00,-18.0,39271,2021-07-28 06:31:00,-190.0
246,39271,2021-07-28 06:31:00,-190.0,39317,2021-07-28 07:17:00,-190.0,39317,2021-07-28 07:17:00,-190.0,39387,2021-07-28 08:27:00,-11.0,39387,2021-07-28 08:27:00,-11.0,39482,2021-07-28 10:02:00,-191.0
247,39482,2021-07-28 10:02:00,-191.0,39547,2021-07-28 11:07:00,-191.0,39547,2021-07-28 11:07:00,-191.0,39614,2021-07-28 12:14:00,-19.0,39614,2021-07-28 12:14:00,-19.0,39652,2021-07-28 12:52:00,-191.0
248,39652,2021-07-28 12:52:00,-191.0,39687,2021-07-28 13:27:00,-192.0,39687,2021-07-28 13:27:00,-192.0,39755,2021-07-28 14:35:00,-17.0,39755,2021-07-28 14:35:00,-17.0,39792,2021-07-28 15:12:00,-191.0
249,39792,2021-07-28 15:12:00,-191.0,39822,2021-07-28 15:42:00,-191.0,39822,2021-07-28 15:42:00,-191.0,39889,2021-07-28 16:49:00,-18.0,39889,2021-07-28 16:49:00,-18.0,39926,2021-07-28 17:26:00,-190.0
250,39926,2021-07-28 17:26:00,-190.0,39967,2021-07-28 18:07:00,-189.0,39967,2021-07-28 18:07:00,-189.0,40034,2021-07-28 19:14:00,-18.0,40034,2021-07-28 19:14:00,-18.0,40071,2021-07-28 19:51:00,-190.0
251,40071,2021-07-28 19:51:00,-190.0,40117,2021-07-28 20:37:00,-191.0,40117,2021-07-28 20:37:00,-191.0,40187,2021-07-28 21:47:00,-11.0,40187,2021-07-28 21:47:00,-11.0,40282,2021-07-28 23:22:00,-191.0
252,40282,2021-07-28 23:22:00,-191.0,40342,2021-07-29 00:22:00,-191.0,40342,2021-07-29 00:22:00,-191.0,40409,2021-07-29 01:29:00,-19.0,40409,2021-07-29 01:29:00,-19.0,40447,2021-07-29 02:07:00,-191.0
253,40447,2021-07-29 02:07:00,-191.0,40477,2021-07-29 02:37:00,-191.0,40477,2021-07-29 02:37:00,-191.0,40544,2021-07-29 03:44:00,-19.0,40544,2021-07-29 03:44:00,-19.0,40582,2021-07-29 04:22:00,-191.0
254,40582,2021-07-29 04:22:00,-191.0,40606,2021-07-29 04:46:00,-191.0,40606,2021-07-29 04:46:00,-191.0,40674,2021-07-29 05:54:00,-18.0,40674,2021-07-29 05:54:00,-18.0,40711,2021-07-29 06:31:00,-190.0
255,40711,2021-07-29 06:31:00,-190.0,40757,2021-07-29 07:17:00,-190.0,40757,2021-07-29 07:17:00,-190.0,40827,2021-07-29 08:27:00,-11.0,40827,2021-07-29 08:27:00,-11.0,40922,2021-07-29 10:02:00,-191.0
256,40922,2021-07-29 10:02:00,-191.0,40987,2021-07-29 11:07:00,-191.0,40987,2021-07-29 11:07:00,-191.0,41054,2021-07-29 12:14:00,-19.0,41054,2021-07-29 12:14:00,-19.0,41091,2021-07-29 12:51:00,-189.0
257,41091,2021-07-29 12:51:00,-189.0,41127,2021-07-29 13:27:00,-190.0,41127,2021-07-29 13:27:00,-190.0,41194,2021-07-29 14:34:00,-19.0,41194,2021-07-29 14:34:00,-19.0,41232,2021-07-29 15:12:00,-191.0
258,41232,2021-07-29 15:12:00,-191.0,41262,2021-07-29 15:42:00,-191.0,41262,2021-07-29 15:42:00,-191.0,41329,2021-07-29 16:49:00,-18.0,41329,2021-07-29 16:49:00,-18.0,41366,2021-07-29 17:26:00,-189.0
259,41366,2021-07-29 17:26:00,-189.0,41407,2021-07-29 18:07:00,-190.0,41407,2021-07-29 18:07:00,-190.0,41474,2021-07-29 19:14:00,-18.0,41474,2021-07-29 19:14:00,-18.0,41511,2021-07-29 19:51:00,-190.0
260,41511,2021-07-29 19:51:00,-190.0,41557,2021-07-29 20:37:00,-191.0,41557,2021-07-29 20:37:00,-191.0,41628,2021-07-29 21:48:00,-10.0,41628,2021-07-29 21:48:00,-10.0,41723,2021-07-29 23:23:00,-191.0
261,41723,2021-07-29 23:23:00,-191.0,41782,2021-07-30 00:22:00,-191.0,41782,2021-07-30 00:22:00,-191.0,41849,2021-07-30 01:29:00,-19.0,41849,2021-07-30 01:29:00,-19.0,41886,2021-07-30 02:06:00,-190.0
262,41886,2021-07-30 02:06:00,-190.0,41916,2021-07-30 02:36:00,-191.0,41916,2021-07-30 02:36:00,-191.0,41984,2021-07-30 03:44:00,-19.0,41984,2021-07-30 03:44:00,-19.0,42022,2021-07-30 04:22:00,-191.0
263,42022,2021-07-30 04:22:00,-191.0,42047,2021-07-30 04:47:00,-191.0,42047,2021-07-30 04:47:00,-191.0,42115,2021-07-30 05:55:00,-17.0,42115,2021-07-30 05:55:00,-17.0,42152,2021-07-30 06:32:00,-192.0
264,42152,2021-07-30 06:32:00,-192.0,42197,2021-07-30 07:17:00,-192.0,42197,2021-07-30 07:17:00,-192.0,42268,2021-07-30 08:28:00,-10.0,42268,2021-07-30 08:28:00,-10.0,42363,2021-07-30 10:03:00,-194.0
265,42363,2021-07-30 10:03:00,-194.0,42427,2021-07-30 11:07:00,-193.0,42427,2021-07-30 11:07:00,-193.0,42495,2021-07-30 12:15:00,-18.0,42495,2021-07-30 12:15:00,-18.0,42532,2021-07-30 12:52:00,-191.0
266,42532,2021-07-30 12:52:00,-191.0,42567,2021-07-30 13:27:00,-191.0,42567,2021-07-30 13:27:00,-191.0,42634,2021-07-30 14:34:00,-19.0,42634,2021-07-30 14:34:00,-19.0,42671,2021-07-30 15:11:00,-190.0
267,42671,2021-07-30 15:11:00,-190.0,42702,2021-07-30 15:42:00,-191.0,42702,2021-07-30 15:42:00,-191.0,42770,2021-07-30 16:50:00,-18.0,42770,2021-07-30 16:50:00,-18.0,42807,2021-07-30 17:27:00,-192.0
268,42807,2021-07-30 17:27:00,-192.0,42847,2021-07-30 18:07:00,-193.0,42847,2021-07-30 18:07:00,-193.0,42915,2021-07-30 19:15:00,-19.0,42915,2021-07-30 19:15:00,-19.0,42953,2021-07-30 19:53:00,-194.0
269,42953,2021-07-30 19:53:00,-194.0,42997,2021-07-30 20:37:00,-194.0,42997,2021-07-30 20:37:00,-194.0,43068,2021-07-30 21:48:00,-12.0,43068,2021-07-30 21:48:00,-12.0,43164,2021-07-30 23:24:00,-194.0
270,43164,2021-07-30 23:24:00,-194.0,43222,2021-07-31 00:22:00,-193.0,43222,2021-07-31 00:22:00,-193.0,43290,2021-07-31 01:30:00,-18.0,43290,2021-07-31 01:30:00,-18.0,43327,2021-07-31 02:07:00,-191.0
271,43327,2021-07-31 02:07:00,-191.0,43357,2021-07-31 02:37:00,-191.0,43357,2021-07-31 02:37:00,-191.0,43424,2021-07-31 03:44:00,-19.0,43424,2021-07-31 03:44:00,-19.0,43462,2021-07-31 04:22:00,-191.0
272,43462,2021-07-31 04:22:00,-191.0,43487,2021-07-31 04:47:00,-192.0,43487,2021-07-31 04:47:00,-192.0,43555,2021-07-31 05:55:00,-18.0,43555,2021-07-31 05:55:00,-18.0,43593,2021-07-31 06:33:00,-193.0
273,43593,2021-07-31 06:33:00,-193.0,43637,2021-07-31 07:17:00,-193.0,43637,2021-07-31 07:17:00,-193.0,43708,2021-07-31 08:28:00,-11.0,43708,2021-07-31 08:28:00,-11.0,43804,2021-07-31 10:04:00,-194.0
274,43804,2021-07-31 10:04:00,-194.0,43867,2021-07-31 11:07:00,-194.0,43867,2021-07-31 11:07:00,-194.0,43935,2021-07-31 12:15:00,-18.0,43935,2021-07-31 12:15:00,-18.0,43972,2021-07-31 12:52:00,-191.0
275,43972,2021-07-31 12:52:00,-191.0,44007,2021-07-31 13:27:00,-191.0,44007,2021-07-31 13:27:00,-191.0,44074,2021-07-31 14:34:00,-19.0,44074,2021-07-31 14:34:00,-19.0,44111,2021-07-31 15:11:00,-190.0
276,44111,2021-07-31 15:11:00,-190.0,44142,2021-07-31 15:42:00,-190.0,44142,2021-07-31 15:42:00,-190.0,44209,2021-07-31 16:49:00,-19.0,44209,2021-07-31 16:49:00,-19.0,44247,2021-07-31 17:27:00,-192.0
277,44247,2021-07-31 17:27:00,-192.0,44287,2021-07-31 18:07:00,-193.0,44287,2021-07-31 18:07:00,-193.0,44355,2021-07-31 19:15:00,-19.0,44355,2021-07-31 19:15:00,-19.0,44393,2021-07-31 19:53:00,-194.0
278,44393,2021-07-31 19:53:00,-194.0,44437,2021-07-31 20:37:00,-194.0,44437,2021-07-31 20:37:00,-194.0,44508,2021-07-31 21:48:00,-12.0,44508,2021-07-31 21:48:00,-12.0,44604,2021-07-31 23:24:00,-193.0
